校下・地区,センター,燃やすごみ,燃やさないごみ,資源,あきびん
金池-上野丘1丁目,西部清掃事業所,月 木,水2,火1 火3,水4
金池-上野丘2丁目,西部清掃事業所,月 木,水2,火1 火3,水4
金池-上野丘西,西部清掃事業所,月 木,水2,火1 火3,水4
金池-上野丘東,西部清掃事業所,月 木,水2,火1 火3,水4
金池-上野町,西部清掃事業所,月 木,水2,火1 火3,水4
金池-大手町1丁目,西部清掃事業所,月 木,水2,火1 火3,水4
金池-金池町1・2・3丁目,西部清掃事業所,月 木,水2,火1 火3,水4
金池-金池町4丁目,西部清掃事業所,月 木,水2,火1 火3,水4
金池-金池町5丁目,西部清掃事業所,月 木,水2,火1 火3,水4
金池-金池南1丁目,西部清掃事業所,月 木,水2,火1 火3,水4
金池-金池南2丁目,西部清掃事業所,月 木,水2,火1 火3,水4
金池-顕徳町,西部清掃事業所,月 木,水2,火1 火3,水4
金池-桜ケ丘,西部清掃事業所,月 木,水2,火1 火3,水4
金池-府内町1丁目,西部清掃事業所,月 木,水2,火1 火3,水4
金池-元町,西部清掃事業所,月 木,水2,火1 火3,水4
金池-六坊町,西部清掃事業所,月 木,水2,火1 火3,水4
金池,西部清掃事業所,月 木,水2,火1 火3,水4
荷揚-城崎町,西部清掃事業所,月 木,水4,火1 火3,水2
荷揚-末広町1丁目,西部清掃事業所,月 木,水4,火1 火3,水2
荷揚-高砂・寿町,西部清掃事業所,月 木,水4,火1 火3,水2
荷揚-中央町,西部清掃事業所,月 木,水4,火1 火3,水2
荷揚-荷揚町,西部清掃事業所,月 木,水4,火1 火3,水2
荷揚-府内町2・3丁目,西部清掃事業所,月 木,水4,火1 火3,水2
荷揚-都町1・2丁目,西部清掃事業所,月 木,水4,火1 火3,水2
荷揚-都町3・4丁目,西部清掃事業所,月 木,水4,火1 火3,水2
長浜,西部清掃事業所,火 金,月3,月2 月4,水1
長浜-大手町2・3丁目,西部清掃事業所,火 金,月3,月2 月4,水1
長浜-長浜町1丁目,西部清掃事業所,火 金,月3,月2 月4,水1
長浜-長浜町2丁目,西部清掃事業所,火 金,月3,月2 月4,水1
長浜-長浜町3丁目,西部清掃事業所,火 金,月3,月2 月4,水1
長浜-錦町1丁目,西部清掃事業所,火 金,月3,月2 月4,水1
長浜-錦町2丁目,西部清掃事業所,火 金,月3,月2 月4,水1
長浜-錦町3丁目,西部清掃事業所,火 金,月3,月2 月4,水1
長浜-舞鶴町,西部清掃事業所,火 金,月3,月2 月4,水1	
中島,西部清掃事業所,火 金,木4,木1 木3,水2
中島-芦崎,西部清掃事業所,火 金,木4,木1 木3,水2
中島-新川西,西部清掃事業所,火 金,木4,木1 木3,水2
中島-新川町1丁目,西部清掃事業所,火 金,木4,木1 木3,水2
中島-新川町2丁目,西部清掃事業所,火 金,木4,木1 木3,水2
中島-住吉町,西部清掃事業所,火 金,木4,木1 木3,水2
中島-千代町,西部清掃事業所,火 金,木4,木1 木3,水2
中島-中島中央,西部清掃事業所,火 金,木4,木1 木3,水2
中島-中島西,西部清掃事業所,火 金,木4,木1 木3,水2
中島-浜町北,西部清掃事業所,火 金,木4,木1 木3,水2
中島-浜町東,西部清掃事業所,火 金,木4,木1 木3,水2	
住吉,西部清掃事業所,火 金,月3,月2 月4,水1
住吉-泉町,西部清掃事業所,火 金,月3,月2 月4,水1
住吉-碩田町,西部清掃事業所,火 金,月3,月2 月4,水1
住吉-中島東,西部清掃事業所,火 金,月3,月2 月4,水1
住吉-弁天,西部清掃事業所,火 金,月3,月2 月4,水1
住吉-豊町1丁目,西部清掃事業所,火 金,月3,月2 月4,水1
住吉-豊町2丁目,西部清掃事業所,火 金,月3,月2 月4,水1	
春日,西部清掃事業所,月 木,金3,金2 金4,水1
生石港町,西部清掃事業所,月 木,金3,金2 金4,水1
王子北町,西部清掃事業所,月 木,金3,金2 金4,水1
王子新町,西部清掃事業所,月 木,金3,金2 金4,水1
王子西南町,西部清掃事業所,月 木,金3,金2 金4,水1
王子中町西,西部清掃事業所,月 木,金3,金2 金4,水1
王子中町東,西部清掃事業所,月 木,金3,金2 金4,水1
王子西町,西部清掃事業所,月 木,金3,金2 金4,水1
王子町,西部清掃事業所,月 木,金3,金2 金4,水1
王子山の手,西部清掃事業所,月 木,金3,金2 金4,水1
勢家町1丁目,西部清掃事業所,月 木,金3,金2 金4,水1
勢家町2丁目,西部清掃事業所,月 木,金3,金2 金4,水1
勢家町3丁目,西部清掃事業所,月 木,金3,金2 金4,水1
勢家町4丁目,西部清掃事業所,月 木,金3,金2 金4,水1
中春日町,西部清掃事業所,月 木,金3,金2 金4,水1
西生石,西部清掃事業所,月 木,金3,金2 金4,水1
西春日町,西部清掃事業所,月 木,金3,金2 金4,水1
浜の市,西部清掃事業所,月 木,金3,金2 金4,水1
東生石,西部清掃事業所,月 木,金3,金2 金4,水1
東春日町,西部清掃事業所,月 木,金3,金2 金4,水1
南生石西,西部清掃事業所,月 木,金3,金2 金4,水1
南生石東,西部清掃事業所,月 木,金3,金2 金4,水1
南春日町,西部清掃事業所,月 木,金3,金2 金4,水1
大道,西部清掃事業所,月 木,金2,金1 金3,水4
大道町1丁目,西部清掃事業所,月 木,金2,金1 金3,水4
大道町2丁目,西部清掃事業所,月 木,金2,金1 金3,水4
大道町3丁目,西部清掃事業所,月 木,金2,金1 金3,水4
大道町4丁目,西部清掃事業所,月 木,金2,金1 金3,水4
大道町5丁目,西部清掃事業所,月 木,金2,金1 金3,水4
大道町6丁目,西部清掃事業所,月 木,金2,金1 金3,水4
新町,西部清掃事業所,月 木,金2,金1 金3,水4
末広町2丁目,西部清掃事業所,月 木,金2,金1 金3,水4
太平町,西部清掃事業所,月 木,金2,金1 金3,水4
田室町,西部清掃事業所,月 木,金2,金1 金3,水4
東大道1丁目,西部清掃事業所,月 木,金2,金1 金3,水4
東大道2丁目,西部清掃事業所,月 木,金2,金1 金3,水4
東大道3丁目,西部清掃事業所,月 木,金2,金1 金3,水4	
西の台,西部清掃事業所,火 金,月3,月2 月4,水1
青葉台,西部清掃事業所,火 金,月3,月2 月4,水1
上春日町,西部清掃事業所,火 金,月3,月2 月4,水1
季の坂,西部清掃事業所,火 金,月3,月2 月4,水1
椎迫,西部清掃事業所,火 金,月3,月2 月4,水1
志手,西部清掃事業所,火 金,月3,月2 月4,水1
志手の一部,西部清掃事業所,火 金,月3,月2 月4,水1
新春日町,西部清掃事業所,火 金,月3,月2 月4,水1
高尾台,西部清掃事業所,火 金,月3,月2 月4,水1
高崎,西部清掃事業所,火 金,月3,月2 月4,水1
高崎山荘通り,西部清掃事業所,火 金,月3,月2 月4,水1
にじが丘,西部清掃事業所,火 金,月3,月2 月4,水1
八幡,西部清掃事業所,火 金,木4,木1 木3,水2
大久保,西部清掃事業所,火 金,木4,木1 木3,水2
金谷迫,西部清掃事業所,火 金,木4,木1 木3,水2
上白木,西部清掃事業所,火 金,木4,木1 木3,水2
上八幡,西部清掃事業所,火 金,木4,木1 木3,水2
机張原,西部清掃事業所,火 金,木4,木1 木3,水2
下白木,西部清掃事業所,火 金,木4,木1 木3,水2
下白木の一部,西部清掃事業所,火 金,木4,木1 木3,水2
下八幡,西部清掃事業所,火 金,木4,木1 木3,水2
田ノ浦,西部清掃事業所,火 金,木4,木1 木3,水2
鳴川,西部清掃事業所,火 金,木4,木1 木3,水2
東八幡,西部清掃事業所,火 金,木4,木1 木3,水2
御幸,西部清掃事業所,火 金,木4,木1 木3,水2
御幸の一部,西部清掃事業所,火 金,木4,木1 木3,水2		
豊府,西部清掃事業所,火 金,水2,月1 月3,水4
上田町,西部清掃事業所,火 金,水2,月1 月3,水4
花園,西部清掃事業所,火 金,水2,月1 月3,水4
羽屋,西部清掃事業所,火 金,水2,月1 月3,水4
羽屋新町,西部清掃事業所,火 金,水2,月1 月3,水4
広瀬町,西部清掃事業所,火 金,水2,月1 月3,水4
古国府,西部清掃事業所,火 金,水2,月1 月3,水4
古国府の一部	,西部清掃事業所,火 金,水2,月1 月3,水4
古国府東,西部清掃事業所,火 金,水2,月1 月3,水4
南太平寺,西部清掃事業所,火 金,水2,月1 月3,水4		
南大分,西部清掃事業所,月 木,金4,金1 金3,水2
明磧,西部清掃事業所,月 木,金4,金1 金3,水2
旭町,西部清掃事業所,月 木,金4,金1 金3,水2
尼ケ瀬,西部清掃事業所,月 木,金4,金1 金3,水2
田中,西部清掃事業所,月 木,金4,金1 金3,水2
畑中,西部清掃事業所,月 木,金4,金1 金3,水2
二又,西部清掃事業所,月 木,金4,金1 金3,水2
豊饒,西部清掃事業所,月 木,金4,金1 金3,水2
三ケ田町,西部清掃事業所,月 木,金4,金1 金3,水2	
城南,西部清掃事業所,月 木,火2,火1 火3,水4
城南団地北,西部清掃事業所,月 木,火2,火1 火3,水4
城南団地西,西部清掃事業所,月 木,火2,火1 火3,水4
城南団地東,西部清掃事業所,月 木,火2,火1 火3,水4
城南団地南,西部清掃事業所,月 木,火2,火1 火3,水4
庄の原,西部清掃事業所,月 木,火2,火1 火3,水4
竹の上,西部清掃事業所,月 木,火2,火1 火3,水4
はなの森,西部清掃事業所,月 木,火2,火1 火3,水4
永興,西部清掃事業所,月 木,火2,火1 火3,水4	
荏隈,西部清掃事業所,火 金,月4,月1 月3,水2
荏隈町,西部清掃事業所,火 金,月4,月1 月3,水2
大石町,西部清掃事業所,火 金,月4,月1 月3,水2
賀来新川,西部清掃事業所,火 金,月4,月1 月3,水2
ツインプラザ大分,西部清掃事業所,火 金,月4,月1 月3,水2
中の瀬団地,西部清掃事業所,火 金,月4,月1 月3,水2
深河内,西部清掃事業所,火 金,月4,月1 月3,水2
深河内の一部,西部清掃事業所,火 金,月4,月1 月3,水2		
滝尾,西部清掃事業所,火 金,月2,月1 月3,水4
赤坂タウン,西部清掃事業所,火 金,月2,月1 月3,水4
片島上,西部清掃事業所,火 金,月2,月1 月3,水4
片島下,西部清掃事業所,火 金,月2,月1 月3,水4
かたしま台,西部清掃事業所,火 金,月2,月1 月3,水4
片島中,西部清掃事業所,火 金,月2,月1 月3,水4
加納,西部清掃事業所,火 金,月2,月1 月3,水4
北下郡下,西部清掃事業所,火 金,月2,月1 月3,水4
北下郡下の一部,西部清掃事業所,火 金,月2,月1 月3,水4
桜坂,西部清掃事業所,火 金,月2,月1 月3,水4
津守上,西部清掃事業所,火 金,月2,月1 月3,水4
津守下,西部清掃事業所,火 金,月2,月1 月3,水4
富岡,西部清掃事業所,火 金,月2,月1 月3,水4
長谷町,西部清掃事業所,火 金,月2,月1 月3,水4
羽田上,西部清掃事業所,火 金,月2,月1 月3,水4
羽田下,西部清掃事業所,火 金,月2,月1 月3,水4
羽田下の一部,西部清掃事業所,火 金,月2,月1 月3,水4
羽田東,西部清掃事業所,火 金,月2,月1 月3,水4
藤の台,西部清掃事業所,火 金,月2,月1 月3,水4
芳河原,西部清掃事業所,火 金,月2,月1 月3,水4
曲上,西部清掃事業所,火 金,月2,月1 月3,水4
曲下,西部清掃事業所,火 金,月2,月1 月3,水4
南下郡上,西部清掃事業所,火 金,月2,月1 月3,水4
南下郡下,西部清掃事業所,火 金,月2,月1 月3,水4
南下郡東,西部清掃事業所,火 金,月2,月1 月3,水4
米良上,西部清掃事業所,火 金,月2,月1 月3,水4
米良下,西部清掃事業所,火 金,月2,月1 月3,水4
ゆめが丘,西部清掃事業所,火 金,月2,月1 月3,水4	
津留,東部清掃事業所,月 木,水1,火2 火4,水3
今津留,東部清掃事業所,月 木,水1,火2 火4,水3
岩田団地,東部清掃事業所,月 木,水1,火2 火4,水3
岩田町1丁目,東部清掃事業所,月 木,水1,火2 火4,水3
岩田町2丁目,東部清掃事業所,月 木,水1,火2 火4,水3
岩田町3丁目,東部清掃事業所,月 木,水1,火2 火4,水3
岩田町4丁目,東部清掃事業所,月 木,水1,火2 火4,水3
裏川団地,東部清掃事業所,月 木,水1,火2 火4,水3
大州浜,東部清掃事業所,月 木,水1,火2 火4,水3
大津町1丁目,東部清掃事業所,月 木,水1,火2 火4,水3
大津町2丁目,東部清掃事業所,月 木,水1,火2 火4,水3
大津町3丁目,東部清掃事業所,月 木,水1,火2 火4,水3
古ケ鶴,東部清掃事業所,月 木,水1,火2 火4,水3
中津留,東部清掃事業所,月 木,水1,火2 火4,水3
西新地,東部清掃事業所,月 木,水1,火2 火4,水3
花津留,東部清掃事業所,月 木,水1,火2 火4,水3
東津留,東部清掃事業所,月 木,水1,火2 火4,水3
東浜1丁目,東部清掃事業所,月 木,水1,火2 火4,水3
東浜2丁目,東部清掃事業所,月 木,水1,火2 火4,水3
南津留,東部清掃事業所,月 木,水1,火2 火4,水3
東大分,東部清掃事業所,火 金,水2,月2 月4,水1
白滝,東部清掃事業所,火 金,水2,月2 月4,水1
高城,東部清掃事業所,火 金,水2,月2 月4,水1
高城東,東部清掃事業所,火 金,水2,月2 月4,水1
萩原1丁目,東部清掃事業所,火 金,水2,月2 月4,水1
萩原2丁目,東部清掃事業所,火 金,水2,月2 月4,水1
萩原3丁目,東部清掃事業所,火 金,水2,月2 月4,水1
萩原4丁目,東部清掃事業所,火 金,水2,月2 月4,水1
牧一丁目,東部清掃事業所,火 金,水2,月2 月4,水1
牧二丁目,東部清掃事業所,火 金,水2,月2 月4,水1
牧三丁目,東部清掃事業所,火 金,水2,月2 月4,水1
牧上,東部清掃事業所,火 金,水2,月2 月4,水1
南萩原,東部清掃事業所,火 金,水2,月2 月4,水1
日岡,東部清掃事業所,火 金,水2,月2 月4,水1
新貝,東部清掃事業所,火 金,水2,月2 月4,水1
新高松西,東部清掃事業所,火 金,水2,月2 月4,水1
新高松東,東部清掃事業所,火 金,水2,月2 月4,水1
高松,東部清掃事業所,火 金,水2,月2 月4,水1
西原,東部清掃事業所,火 金,水2,月2 月4,水1
花高松,東部清掃事業所,火 金,水2,月2 月4,水1
向原西,東部清掃事業所,火 金,水2,月2 月4,水1
向原東,東部清掃事業所,火 金,水2,月2 月4,水1
桃園,東部清掃事業所,月 木,水3,金2 金4,水1
岡,東部清掃事業所,月 木,水3,金2 金4,水1
岡新町,東部清掃事業所,月 木,水3,金2 金4,水1
千歳,東部清掃事業所,月 木,水3,金2 金4,水1
高城南町,東部清掃事業所,月 木,水3,金2 金4,水1
寺崎,東部清掃事業所,月 木,水3,金2 金4,水1
仲西,東部清掃事業所,月 木,水3,金2 金4,水1
三川上西,東部清掃事業所,月 木,水3,金2 金4,水1
三川上東,東部清掃事業所,月 木,水3,金2 金4,水1
三川下西,東部清掃事業所,月 木,水3,金2 金4,水1
三川下東,東部清掃事業所,月 木,水3,金2 金4,水1
桃園団地,東部清掃事業所,月 木,水3,金2 金4,水1
山津,東部清掃事業所,月 木,水3,金2 金4,水1	
明野,東部清掃事業所,火 金,月2,月1 月3,水4
明野旭町,東部清掃事業所,火 金,月2,月1 月3,水4
明野北町,東部清掃事業所,火 金,月2,月1 月3,水4
明野さつき町,東部清掃事業所,火 金,月2,月1 月3,水4
明野高尾,東部清掃事業所,火 金,月2,月1 月3,水4
明野西町,東部清掃事業所,火 金,月2,月1 月3,水4
明野東町,東部清掃事業所,火 金,月2,月1 月3,水4
明野日の出,東部清掃事業所,火 金,月2,月1 月3,水4
明野緑町,東部清掃事業所,火 金,月2,月1 月3,水4
明野南町,東部清掃事業所,火 金,月2,月1 月3,水4
明野元町,東部清掃事業所,火 金,月2,月1 月3,水4
池ノ平,東部清掃事業所,火 金,月2,月1 月3,水4
高城台,東部清掃事業所,火 金,月2,月1 月3,水4
高城団地,東部清掃事業所,火 金,月2,月1 月3,水4
天然町,東部清掃事業所,火 金,月2,月1 月3,水4
則小池,東部清掃事業所,火 金,月2,月1 月3,水4
パークシティ明野,東部清掃事業所,火 金,月2,月1 月3,水4
東原,東部清掃事業所,火 金,月2,月1 月3,水4		
鶴崎,東部清掃事業所,火 金,水3,木2 木4,水1
乙津,東部清掃事業所,火 金,水3,木2 木4,水1
小中島,東部清掃事業所,火 金,水3,木2 木4,水1
国宗,東部清掃事業所,火 金,水3,木2 木4,水1
三軒町,東部清掃事業所,火 金,水3,木2 木4,水1
下鶴崎一,東部清掃事業所,火 金,水3,木2 木4,水1
下鶴崎二,東部清掃事業所,火 金,水3,木2 木4,水1
中央区,東部清掃事業所,火 金,水3,木2 木4,水1
寺司一,東部清掃事業所,火 金,水3,木2 木4,水1
寺司二,東部清掃事業所,火 金,水3,木2 木4,水1
徳島,東部清掃事業所,火 金,水3,木2 木4,水1
西町,東部清掃事業所,火 金,水3,木2 木4,水1
堀川本町,東部清掃事業所,火 金,水3,木2 木4,水1
山川,東部清掃事業所,火 金,水3,木2 木4,水1
三佐,東部清掃事業所,月 木,金1,金2 金4,水3
海原,東部清掃事業所,月 木,金1,金2 金4,水3
三佐二,東部清掃事業所,月 木,金1,金2 金4,水3
三佐三,東部清掃事業所,月 木,金1,金2 金4,水3
三佐四,東部清掃事業所,月 木,金1,金2 金4,水3
別保,東部清掃事業所,火 金,水1,木1 木3,水4
葛木団地,東部清掃事業所,火 金,水1,木1 木3,水4
花の木,東部清掃事業所,火 金,水1,木1 木3,水4
皆春,東部清掃事業所,火 金,水1,木1 木3,水4
皆春西区,東部清掃事業所,火 金,水1,木1 木3,水4
森,東部清掃事業所,火 金,水1,木1 木3,水4
森住宅団地,東部清掃事業所,火 金,水1,木1 木3,水4
森町,東部清掃事業所,火 金,水1,木1 木3,水4
森町団地,東部清掃事業所,火 金,水1,木1 木3,水4
森町西,東部清掃事業所,火 金,水1,木1 木3,水4
明治,東部清掃事業所,火 金,水1,木2 木4,水3
猪野下,東部清掃事業所,火 金,水1,木2 木4,水3
猪野中,東部清掃事業所,火 金,水1,木2 木4,水3
猪野二,東部清掃事業所,火 金,水1,木2 木4,水3
猪野南,東部清掃事業所,火 金,水1,木2 木4,水3
岡原,東部清掃事業所,火 金,水1,木2 木4,水3
葛木,東部清掃事業所,火 金,水1,木2 木4,水3
久保山町,東部清掃事業所,火 金,水1,木2 木4,水3
小池原,東部清掃事業所,火 金,水1,木2 木4,水3
小池原二,東部清掃事業所,火 金,水1,木2 木4,水3
下組,東部清掃事業所,火 金,水1,木2 木4,水3
新明治,東部清掃事業所,火 金,水1,木2 木4,水3
中筋,東部清掃事業所,火 金,水1,木2 木4,水3
パークヒルズ久保山,東部清掃事業所,火 金,水1,木2 木4,水3
浜田団地,東部清掃事業所,火 金,水1,木2 木4,水3
ひまわり団地,東部清掃事業所,火 金,水1,木2 木4,水3
二目川,東部清掃事業所,火 金,水1,木2 木4,水3
法勝台,東部清掃事業所,火 金,水1,木2 木4,水3
高田,東部清掃事業所,月 木,水4,火1 火3,水2
上徳丸,東部清掃事業所,月 木,水4,火1 火3,水2
亀甲,東部清掃事業所,月 木,水4,火1 火3,水2
下徳丸,東部清掃事業所,月 木,水4,火1 火3,水2
関門,東部清掃事業所,月 木,水4,火1 火3,水2
常行,東部清掃事業所,月 木,水4,火1 火3,水2
鶴瀬,東部清掃事業所,月 木,水4,火1 火3,水2
堂園,東部清掃事業所,月 木,水4,火1 火3,水2
南,東部清掃事業所,月 木,水4,火1 火3,水2
松岡,東部清掃事業所,火 金,月3,月2 月4,水1
池ノ上,東部清掃事業所,火 金,月3,月2 月4,水1
大津留,東部清掃事業所,火 金,月3,月2 月4,水1
尾崎,東部清掃事業所,火 金,月3,月2 月4,水1
上松岡,東部清掃事業所,火 金,月3,月2 月4,水1
京が丘,東部清掃事業所,火 金,月3,月2 月4,水1
京が丘第2区,東部清掃事業所,火 金,月3,月2 月4,水1
毛井,東部清掃事業所,火 金,月3,月2 月4,水1
公園通り1丁目,東部清掃事業所,火 金,月3,月2 月4,水1
公園通り2丁目,東部清掃事業所,火 金,月3,月2 月4,水1
公園通り3丁目,東部清掃事業所,火 金,月3,月2 月4,水1
公園通り4丁目,東部清掃事業所,火 金,月3,月2 月4,水1
公園通り5丁目,東部清掃事業所,火 金,月3,月2 月4,水1
菰田,東部清掃事業所,火 金,月3,月2 月4,水1
下松岡,東部清掃事業所,火 金,月3,月2 月4,水1
成松,東部清掃事業所,火 金,月3,月2 月4,水1
舟本,東部清掃事業所,火 金,月3,月2 月4,水1
真萱,東部清掃事業所,火 金,月3,月2 月4,水1
門前,東部清掃事業所,火 金,月3,月2 月4,水1
川添,東部清掃事業所,月 木,火3,金1 金3,水4
金谷,東部清掃事業所,月 木,火3,金1 金3,水4
杵河内,東部清掃事業所,月 木,火3,金1 金3,水4
迫,東部清掃事業所,月 木,火3,金1 金3,水4
迫阿蘇入,東部清掃事業所,月 木,火3,金1 金3,水4
浄土寺,東部清掃事業所,月 木,火3,金1 金3,水4
新田,東部清掃事業所,月 木,火3,金1 金3,水4
種具,東部清掃事業所,月 木,火3,金1 金3,水4
広内,東部清掃事業所,月 木,火3,金1 金3,水4
宮河内ハイランド北,東部清掃事業所,月 木,火3,金1 金3,水4
宮河内ハイランド西,東部清掃事業所,月 木,火3,金1 金3,水4
宮河内ハイランド東,東部清掃事業所,月 木,火3,金1 金3,水4
宮河内ハイランド南,東部清掃事業所,月 木,火3,金1 金3,水4
宮谷,東部清掃事業所,月 木,火3,金1 金3,水4
陽光台,東部清掃事業所,月 木,火3,金1 金3,水4
若葉台,東部清掃事業所,月 木,火3,金1 金3,水4
戸次,東部清掃事業所,火 金,木3,木2 木4,水1
上り尾,東部清掃事業所,火 金,木3,木2 木4,水1
大内,東部清掃事業所,火 金,木3,木2 木4,水1
大塔,東部清掃事業所,火 金,木3,木2 木4,水1
尾津留,東部清掃事業所,火 金,木3,木2 木4,水1
影ノ木,東部清掃事業所,火 金,木3,木2 木4,水1
川床,東部清掃事業所,火 金,木3,木2 木4,水1
川原,東部清掃事業所,火 金,木3,木2 木4,水1
楠木生,東部清掃事業所,火 金,木3,木2 木4,水1
けやき台1丁目,東部清掃事業所,火 金,木3,木2 木4,水1
けやき台2丁目,東部清掃事業所,火 金,木3,木2 木4,水1
けやき台3丁目,東部清掃事業所,火 金,木3,木2 木4,水1
けやき台4丁目,東部清掃事業所,火 金,木3,木2 木4,水1
佐柳,東部清掃事業所,火 金,木3,木2 木4,水1
利光,東部清掃事業所,火 金,木3,木2 木4,水1
備後,東部清掃事業所,火 金,木3,木2 木4,水1
戸次本町,東部清掃事業所,火 金,木3,木2 木4,水1
美園,東部清掃事業所,火 金,木3,木2 木4,水1
嶺,東部清掃事業所,火 金,木3,木2 木4,水1
門前,東部清掃事業所,火 金,木3,木2 木4,水1
判田,東部清掃事業所,火 金,月1,月2 月4,水3
板山・小岳,東部清掃事業所,火 金,月1,月2 月4,水3
片野・大興寺・居村,東部清掃事業所,火 金,月1,月2 月4,水3
昆布刈,東部清掃事業所,火 金,月1,月2 月4,水3
庄屋村,東部清掃事業所,火 金,月1,月2 月4,水3
住床,東部清掃事業所,火 金,月1,月2 月4,水3
高江,東部清掃事業所,火 金,月1,月2 月4,水3
高江北,東部清掃事業所,火 金,月1,月2 月4,水3
高江中央1丁目,東部清掃事業所,火 金,月1,月2 月4,水3
高江中央2丁目,東部清掃事業所,火 金,月1,月2 月4,水3
高江南1丁目,東部清掃事業所,火 金,月1,月2 月4,水3
高江南2丁目,東部清掃事業所,火 金,月1,月2 月4,水3
高江南3丁目,東部清掃事業所,火 金,月1,月2 月4,水3
立小野,東部清掃事業所,火 金,月1,月2 月4,水3
辰口,東部清掃事業所,火 金,月1,月2 月4,水3
つつじケ丘,東部清掃事業所,火 金,月1,月2 月4,水3
豊田,東部清掃事業所,火 金,月1,月2 月4,水3
西新川,東部清掃事業所,火 金,月1,月2 月4,水3
判田台北・東,東部清掃事業所,火 金,月1,月2 月4,水3
判田台南,東部清掃事業所,火 金,月1,月2 月4,水3
東新川,東部清掃事業所,火 金,月1,月2 月4,水3
ひばりケ丘,東部清掃事業所,火 金,月1,月2 月4,水3
光永・戸無瀬,東部清掃事業所,火 金,月1,月2 月4,水3
宮ノ原・中ノ原,東部清掃事業所,火 金,月1,月2 月4,水3
米良,東部清掃事業所,火 金,月1,月2 月4,水3
米良の一部(安田),東部清掃事業所,火 金,月1,月2 月4,水3
百木,東部清掃事業所,火 金,月1,月2 月4,水3
竹中,東部清掃事業所,火 金,木2,木1 木3,水4
伊与床,東部清掃事業所,火 金,木2,木1 木3,水4
岩上,東部清掃事業所,火 金,木2,木1 木3,水4
樫原,東部清掃事業所,火 金,木2,木1 木3,水4
上竹中,東部清掃事業所,火 金,木2,木1 木3,水4
上冬田,東部清掃事業所,火 金,木2,木1 木3,水4
河原,東部清掃事業所,火 金,木2,木1 木3,水4
黒仁田,東部清掃事業所,火 金,木2,木1 木3,水4
佐渡川,東部清掃事業所,火 金,木2,木1 木3,水4
下竹中,東部清掃事業所,火 金,木2,木1 木3,水4
高城,東部清掃事業所,火 金,木2,木1 木3,水4
中竹中,東部清掃事業所,火 金,木2,木1 木3,水4
中野,東部清掃事業所,火 金,木2,木1 木3,水4
中無礼,東部清掃事業所,火 金,木2,木1 木3,水4
花香,東部清掃事業所,火 金,木2,木1 木3,水4
舟戸,東部清掃事業所,火 金,木2,木1 木3,水4
冬田,東部清掃事業所,火 金,木2,木1 木3,水4
弓立・黒岩,東部清掃事業所,火 金,木2,木1 木3,水4
吉野,東部清掃事業所,火 金,水1,月2 月4,水3
梅が丘,東部清掃事業所,火 金,水1,月2 月4,水3
奥,東部清掃事業所,火 金,水1,月2 月4,水3
上志津留,東部清掃事業所,火 金,水1,月2 月4,水3
下志津留,東部清掃事業所,火 金,水1,月2 月4,水3
杉原,東部清掃事業所,火 金,水1,月2 月4,水3
月形,東部清掃事業所,火 金,水1,月2 月4,水3
辻,東部清掃事業所,火 金,水1,月2 月4,水3
萩尾,東部清掃事業所,火 金,水1,月2 月4,水3
福良,東部清掃事業所,火 金,水1,月2 月4,水3
宮尾,東部清掃事業所,火 金,水1,月2 月4,水3
吉野原,東部清掃事業所,火 金,水1,月2 月4,水3
ロングヒル中央,東部清掃事業所,火 金,水1,月2 月4,水3
稙田,東部清掃事業所,月 木,金3,金2 金4,水1
露,東部清掃事業所,月 木,金3,金2 金4,水1
粟野,東部清掃事業所,月 木,金3,金2 金4,水1
市,東部清掃事業所,月 木,金3,金2 金4,水1
内稙田,東部清掃事業所,月 木,金3,金2 金4,水1
雄城,東部清掃事業所,月 木,金3,金2 金4,水1
雄城台住宅地,東部清掃事業所,月 木,金3,金2 金4,水1
雄城台団地,東部清掃事業所,月 木,金3,金2 金4,水1
小野鶴新町,東部清掃事業所,月 木,金3,金2 金4,水1
大柳,東部清掃事業所,月 木,金3,金2 金4,水1
カームタウン木ノ上,東部清掃事業所,月 木,金3,金2 金4,水1
上芹,東部清掃事業所,月 木,金3,金2 金4,水1
木上,東部清掃事業所,月 木,金3,金2 金4,水1
木上新町,東部清掃事業所,月 木,金3,金2 金4,水1
木上団地,東部清掃事業所,月 木,金3,金2 金4,水1
口戸,東部清掃事業所,月 木,金3,金2 金4,水1
桑本,東部清掃事業所,月 木,金3,金2 金4,水1
胡麻鶴,東部清掃事業所,月 木,金3,金2 金4,水1
下芹,東部清掃事業所,月 木,金3,金2 金4,水1
田島,東部清掃事業所,月 木,金3,金2 金4,水1
田原,東部清掃事業所,月 木,金3,金2 金4,水1
田原住宅,東部清掃事業所,月 木,金3,金2 金4,水1
塚野,東部清掃事業所,月 木,金3,金2 金4,水1
野添,東部清掃事業所,月 木,金3,金2 金4,水1
平野,東部清掃事業所,月 木,金3,金2 金4,水1
萌葱台,東部清掃事業所,月 木,金3,金2 金4,水1
宗方,東部清掃事業所,火 金,月3,月2 月4,水1
小野鶴市営住宅,東部清掃事業所,火 金,月3,月2 月4,水1
上小野鶴,東部清掃事業所,火 金,月3,月2 月4,水1
上宗方,東部清掃事業所,火 金,月3,月2 月4,水1
下小野鶴,東部清掃事業所,火 金,月3,月2 月4,水1
下宗方,東部清掃事業所,火 金,月3,月2 月4,水1
椿ケ丘,東部清掃事業所,火 金,月3,月2 月4,水1
二豊,東部清掃事業所,火 金,月3,月2 月4,水1
八幡田,東部清掃事業所,火 金,月3,月2 月4,水1
松が丘一丁目,東部清掃事業所,火 金,月3,月2 月4,水1
松が丘二丁目,東部清掃事業所,火 金,月3,月2 月4,水1
松が丘三丁目,東部清掃事業所,火 金,月3,月2 月4,水1
松が丘四丁目,東部清掃事業所,火 金,月3,月2 月4,水1
宗方台,東部清掃事業所,火 金,月3,月2 月4,水1
横瀬,東部清掃事業所,月 木,金4,火1 火3,水2
鬼崎,東部清掃事業所,月 木,金4,火1 火3,水2
上横瀬,東部清掃事業所,月 木,金4,火1 火3,水2
下横瀬,東部清掃事業所,月 木,金4,火1 火3,水2
富士見が丘西1丁目,東部清掃事業所,月 木,金4,火1 火3,水2
富士見が丘西2丁目,東部清掃事業所,月 木,金4,火1 火3,水2
富士見が丘西3丁目,東部清掃事業所,月 木,金4,火1 火3,水2
富士見が丘西4丁目,東部清掃事業所,月 木,金4,火1 火3,水2
富士見が丘東1丁目,東部清掃事業所,月 木,金4,火1 火3,水2
富士見が丘東2丁目,東部清掃事業所,月 木,金4,火1 火3,水2
富士見が丘東3丁目,東部清掃事業所,月 木,金4,火1 火3,水2
富士見が丘東4丁目,東部清掃事業所,月 木,金4,火1 火3,水2
富士見が丘東5丁目,東部清掃事業所,月 木,金4,火1 火3,水2
緑が丘一,東部清掃事業所,月 木,金4,火1 火3,水2
緑が丘二,東部清掃事業所,月 木,金4,火1 火3,水2
緑が丘三,東部清掃事業所,月 木,金4,火1 火3,水2
東稙田,東部清掃事業所,火 金,水2,木1 木3,水4
秋岡,東部清掃事業所,火 金,水2,木1 木3,水4
石川,東部清掃事業所,火 金,水2,木1 木3,水4
岡,東部清掃事業所,火 金,水2,木1 木3,水4
グランビュー光吉,東部清掃事業所,火 金,水2,木1 木3,水4
小原団地,東部清掃事業所,火 金,水2,木1 木3,水4
高城,東部清掃事業所,火 金,水2,木1 木3,水4
田尻,東部清掃事業所,火 金,水2,木1 木3,水4
田尻グリーンハイツ北,東部清掃事業所,火 金,水2,木1 木3,水4
田尻グリーンハイツ中央,東部清掃事業所,火 金,水2,木1 木3,水4
田尻グリーンハイツ西,東部清掃事業所,火 金,水2,木1 木3,水4
田尻グリーンハイツ東,東部清掃事業所,火 金,水2,木1 木3,水4
田尻南1丁目,東部清掃事業所,火 金,水2,木1 木3,水4
田尻南2丁目,東部清掃事業所,火 金,水2,木1 木3,水4
天領ハイツ,東部清掃事業所,火 金,水2,木1 木3,水4
仲村,東部清掃事業所,火 金,水2,木1 木3,水4
ふじが丘北,東部清掃事業所,火 金,水2,木1 木3,水4
ふじが丘西,東部清掃事業所,火 金,水2,木1 木3,水4
ふじが丘東,東部清掃事業所,火 金,水2,木1 木3,水4
ふじが丘南,東部清掃事業所,火 金,水2,木1 木3,水4
ふじが丘山手区,東部清掃事業所,火 金,水2,木1 木3,水4
光吉,東部清掃事業所,火 金,水2,木1 木3,水4
光吉新町,東部清掃事業所,火 金,水2,木1 木3,水4
光吉台,東部清掃事業所,火 金,水2,木1 木3,水4
蕨野,東部清掃事業所,火 金,水2,木1 木3,水4
寒田,東部清掃事業所,火 金,水2,木1 木3,水4
美し野,東部清掃事業所,火 金,水2,木1 木3,水4
大分大学寒田宿舎,東部清掃事業所,火 金,水2,木1 木3,水4
小原,東部清掃事業所,火 金,水2,木1 木3,水4
サントピア西寒多,東部清掃事業所,火 金,水2,木1 木3,水4
サントピア藤美園,東部清掃事業所,火 金,水2,木1 木3,水4
スカイタウン寒田,東部清掃事業所,火 金,水2,木1 木3,水4
寒田,東部清掃事業所,火 金,水2,木1 木3,水4
寒田北町,東部清掃事業所,火 金,水2,木1 木3,水4
寒田北町4丁目,東部清掃事業所,火 金,水2,木1 木3,水4
寒田御苑,東部清掃事業所,火 金,水2,木1 木3,水4
寒田ささむた苑,東部清掃事業所,火 金,水2,木1 木3,水4
寒田西町,東部清掃事業所,火 金,水2,木1 木3,水4
寒田南町,東部清掃事業所,火 金,水2,木1 木3,水4
寒田南町1丁目,東部清掃事業所,火 金,水2,木1 木3,水4
寒田南町3丁目,東部清掃事業所,火 金,水2,木1 木3,水4
寒田わかば台,東部清掃事業所,火 金,水2,木1 木3,水4
旦野原,東部清掃事業所,火 金,水2,木1 木3,水4
宮崎,東部清掃事業所,火 金,水2,木1 木3,水4
宮崎台,東部清掃事業所,火 金,水2,木1 木3,水4
敷戸,東部清掃事業所,火 金,水2,月2 月4,水1
敷戸上東,東部清掃事業所,火 金,水2,月2 月4,水1
敷戸北,東部清掃事業所,火 金,水2,月2 月4,水1
敷戸台,東部清掃事業所,火 金,水2,月2 月4,水1
敷戸西,東部清掃事業所,火 金,水2,月2 月4,水1
敷戸東,東部清掃事業所,火 金,水2,月2 月4,水1
敷戸南,東部清掃事業所,火 金,水2,月2 月4,水1
星和台,東部清掃事業所,火 金,水2,月2 月4,水1
芳河原台,東部清掃事業所,火 金,水2,月2 月4,水1
鴛野,東部清掃事業所,火 金,木3,木2 木4,水1
大分大学区,東部清掃事業所,火 金,木3,木2 木4,水1
大園,東部清掃事業所,火 金,木3,木2 木4,水1
鴛野,東部清掃事業所,火 金,木3,木2 木4,水1
坂詰,東部清掃事業所,火 金,木3,木2 木4,水1
サンシャインしきど,東部清掃事業所,火 金,木3,木2 木4,水1
敷戸,東部清掃事業所,火 金,木3,木2 木4,水1
敷戸駅北町,東部清掃事業所,火 金,木3,木2 木4,水1
敷戸新町1区,東部清掃事業所,火 金,木3,木2 木4,水1
敷戸新町2区,東部清掃事業所,火 金,木3,木2 木4,水1
敷戸新町3区,東部清掃事業所,火 金,木3,木2 木4,水1
高江ハイツ,東部清掃事業所,火 金,木3,木2 木4,水1
旦野原ハイツ西,東部清掃事業所,火 金,木3,木2 木4,水1
旦野原ハイツ東,東部清掃事業所,火 金,木3,木2 木4,水1
田園町,東部清掃事業所,火 金,木3,木2 木4,水1
東木,東部清掃事業所,火 金,木3,木2 木4,水1
花の木坂,東部清掃事業所,火 金,木3,木2 木4,水1
賀来,東部清掃事業所,月 木,火4,火1 火3,水2
カームタウン野田,東部清掃事業所,月 木,火4,火1 火3,水2
上片面,東部清掃事業所,月 木,火4,火1 火3,水2
車木,東部清掃事業所,月 木,火4,火1 火3,水2
桑原,東部清掃事業所,月 木,火4,火1 火3,水2
国分一,東部清掃事業所,月 木,火4,火1 火3,水2
国分二,東部清掃事業所,月 木,火4,火1 火3,水2
国分三,東部清掃事業所,月 木,火4,火1 火3,水2
国分新町,東部清掃事業所,月 木,火4,火1 火3,水2
国分台,東部清掃事業所,月 木,火4,火1 火3,水2
国分団地,東部清掃事業所,月 木,火4,火1 火3,水2
下片面,東部清掃事業所,月 木,火4,火1 火3,水2
東院,東部清掃事業所,月 木,火4,火1 火3,水2
東野台,東部清掃事業所,月 木,火4,火1 火3,水2
中尾,東部清掃事業所,月 木,火4,火1 火3,水2
中島,東部清掃事業所,月 木,火4,火1 火3,水2
野田,東部清掃事業所,月 木,火4,火1 火3,水2
平横瀬,東部清掃事業所,月 木,火4,火1 火3,水2
宮苑,東部清掃事業所,月 木,火4,火1 火3,水2
餅田,東部清掃事業所,月 木,火4,火1 火3,水2
森ノ木,東部清掃事業所,月 木,火4,火1 火3,水2
脇,東部清掃事業所,月 木,火4,火1 火3,水2
大在,東部清掃事業所,月 木,水4,火1 火3,水2
曙台,東部清掃事業所,月 木,水4,火1 火3,水2
大在浜,東部清掃事業所,月 木,水4,火1 火3,水2
上志村,東部清掃事業所,月 木,水4,火1 火3,水2
北,東部清掃事業所,月 木,水4,火1 火3,水2
汐見,東部清掃事業所,月 木,水4,火1 火3,水2
下志村,東部清掃事業所,月 木,水4,火1 火3,水2
城原,東部清掃事業所,月 木,水4,火1 火3,水2
角子原,東部清掃事業所,月 木,水4,火1 火3,水2
望みが丘,東部清掃事業所,月 木,水4,火1 火3,水2
平野,東部清掃事業所,月 木,水4,火1 火3,水2
政所,東部清掃事業所,月 木,水4,火1 火3,水2
横田,東部清掃事業所,月 木,水4,火1 火3,水2
横塚,東部清掃事業所,月 木,水4,火1 火3,水2
坂ノ市,東部清掃事業所,月 木,水4,金1 金3,水2
市西,東部清掃事業所,月 木,水4,金1 金3,水2
駅通り,東部清掃事業所,月 木,水4,金1 金3,水2
尾田,東部清掃事業所,月 木,水4,金1 金3,水2
上市,東部清掃事業所,月 木,水4,金1 金3,水2
木田西部,東部清掃事業所,月 木,水4,金1 金3,水2
木田東部,東部清掃事業所,月 木,水4,金1 金3,水2
木田南部,東部清掃事業所,月 木,水4,金1 金3,水2
久原内久原,東部清掃事業所,月 木,水4,金1 金3,水2
久原上津,東部清掃事業所,月 木,水4,金1 金3,水2
久原松崎,東部清掃事業所,月 木,水4,金1 金3,水2
倉掛,東部清掃事業所,月 木,水4,金1 金3,水2
浜中,東部清掃事業所,月 木,水4,金1 金3,水2
東上野西部,東部清掃事業所,月 木,水4,金1 金3,水2
東上野中央,東部清掃事業所,月 木,水4,金1 金3,水2
東上野東部,東部清掃事業所,月 木,水4,金1 金3,水2
東本町,東部清掃事業所,月 木,水4,金1 金3,水2
細西部,東部清掃事業所,月 木,水4,金1 金3,水2
細東部,東部清掃事業所,月 木,水4,金1 金3,水2
細八丸,東部清掃事業所,月 木,水4,金1 金3,水2
小佐井,東部清掃事業所,月 木,水3,金2 金4,水1
旭社宅,東部清掃事業所,月 木,水3,金2 金4,水1
市尾上,東部清掃事業所,月 木,水3,金2 金4,水1
市尾下,東部清掃事業所,月 木,水3,金2 金4,水1
王ノ,東部清掃事業所,月 木,水3,金2 金4,水1
川南,東部清掃事業所,月 木,水3,金2 金4,水1
里中,東部清掃事業所,月 木,水3,金2 金4,水1
宮下,東部清掃事業所,月 木,水3,金2 金4,水1
屋山,東部清掃事業所,月 木,水3,金2 金4,水1
丹生,東部清掃事業所,月 木,水1,火2 火4,水3
一木,東部清掃事業所,月 木,水1,火2 火4,水3
延命寺,東部清掃事業所,月 木,水1,火2 火4,水3
上久所,東部清掃事業所,月 木,水1,火2 火4,水3
久土,東部清掃事業所,月 木,水1,火2 火4,水3
佐野,東部清掃事業所,月 木,水1,火2 火4,水3
佐野上,東部清掃事業所,月 木,水1,火2 火4,水3
下久所,東部清掃事業所,月 木,水1,火2 火4,水3
丹生,東部清掃事業所,月 木,水1,火2 火4,水3
野間,東部清掃事業所,月 木,水1,火2 火4,水3
本神崎,佐賀関支所,火 金,水4,木1 木3,水2
駅,佐賀関支所,火 金,水4,木1 木3,水2
大平,佐賀関支所,火 金,水4,木1 木3,水2
河内,佐賀関支所,火 金,水4,木1 木3,水2
小猫,佐賀関支所,火 金,水4,木1 木3,水2
中,佐賀関支所,火 金,水4,木1 木3,水2
中の原,佐賀関支所,火 金,水4,木1 木3,水2
中山,佐賀関支所,火 金,水4,木1 木3,水2
馬場,佐賀関支所,火 金,水4,木1 木3,水2
東上,佐賀関支所,火 金,水4,木1 木3,水2
東下,佐賀関支所,火 金,水4,木1 木3,水2
湊,佐賀関支所,火 金,水4,木1 木3,水2
木佐上,佐賀関支所,月 木,金1,金2 金4,水3
木佐上1,佐賀関支所,月 木,金1,金2 金4,水3
木佐上2,佐賀関支所,月 木,金1,金2 金4,水3
木佐上3,佐賀関支所,月 木,金1,金2 金4,水3
木佐上4,佐賀関支所,月 木,金1,金2 金4,水3
木佐上5,佐賀関支所,月 木,金1,金2 金4,水3
大志生木,佐賀関支所,火 金,木1,木2 木4,水3
大志生木1,佐賀関支所,火 金,木1,木2 木4,水3
大志生木2,佐賀関支所,火 金,木1,木2 木4,水3
大志生木3,佐賀関支所,火 金,木1,木2 木4,水3
大志生木4,佐賀関支所,火 金,木1,木2 木4,水3
大志生木5,佐賀関支所,火 金,木1,木2 木4,水3
小志生木,佐賀関支所,火 金,木1,木2 木4,水3
関,佐賀関支所,火 金,月4,月1 月3,水2
秋の江,佐賀関支所,火 金,月4,月1 月3,水2
黒砂,佐賀関支所,火 金,月4,月1 月3,水2
大黒,佐賀関支所,火 金,月4,月1 月3,水2
小浜,佐賀関支所,火 金,月4,月1 月3,水2
金山,佐賀関支所,火 金,月4,月1 月3,水2
神山,佐賀関支所,火 金,月4,月1 月3,水2
辛幸1,佐賀関支所,火 金,月4,月1 月3,水2
辛幸2,佐賀関支所,火 金,月4,月1 月3,水2
幸の浦,佐賀関支所,火 金,月4,月1 月3,水2
小黒,佐賀関支所,火 金,月4,月1 月3,水2
佐賀関H25住宅,佐賀関支所,火 金,月4,月1 月3,水2
迫,佐賀関支所,火 金,月4,月1 月3,水2
汐見,佐賀関支所,火 金,月4,月1 月3,水2
白木奥,佐賀関支所,火 金,月4,月1 月3,水2
白木,佐賀関支所,火 金,月4,月1 月3,水2
田尻,佐賀関支所,火 金,月4,月1 月3,水2
田中1,佐賀関支所,火 金,月4,月1 月3,水2
田中2,佐賀関支所,火 金,月4,月1 月3,水2
田中3,佐賀関支所,火 金,月4,月1 月3,水2
玉井,佐賀関支所,火 金,月4,月1 月3,水2
辻,佐賀関支所,火 金,月4,月1 月3,水2
鮮浜,佐賀関支所,火 金,月4,月1 月3,水2
西町,佐賀関支所,火 金,月4,月1 月3,水2
西脇,佐賀関支所,火 金,月4,月1 月3,水2
日鉱住宅,佐賀関支所,火 金,月4,月1 月3,水2
東町,佐賀関支所,火 金,月4,月1 月3,水2
福水,佐賀関支所,火 金,月4,月1 月3,水2
古宮,佐賀関支所,火 金,月4,月1 月3,水2
古屋敷,佐賀関支所,火 金,月4,月1 月3,水2
本町,佐賀関支所,火 金,月4,月1 月3,水2
真砂,佐賀関支所,火 金,月4,月1 月3,水2
見尾,佐賀関支所,火 金,月4,月1 月3,水2
緑ケ丘,佐賀関支所,火 金,月4,月1 月3,水2
御幸,佐賀関支所,火 金,月4,月1 月3,水2
室生,佐賀関支所,火 金,月4,月1 月3,水2
一尺屋,佐賀関支所,月 木,水2,金1 金3,水4
江川,佐賀関支所,月 木,水2,金1 金3,水4
笠方,佐賀関支所,月 木,水2,金1 金3,水4
下河原,佐賀関支所,月 木,水2,金1 金3,水4
田ノ浦西,佐賀関支所,月 木,水2,金1 金3,水4
田ノ浦東,佐賀関支所,月 木,水2,金1 金3,水4
中上,佐賀関支所,月 木,水2,金1 金3,水4
中江川,佐賀関支所,月 木,水2,金1 金3,水4
中下,佐賀関支所,月 木,水2,金1 金3,水4
西上,佐賀関支所,月 木,水2,金1 金3,水4
西下,佐賀関支所,月 木,水2,金1 金3,水4
早出,佐賀関支所,月 木,水2,金1 金3,水4
浜方,佐賀関支所,月 木,水2,金1 金3,水4
東上,佐賀関支所,月 木,水2,金1 金3,水4
東下,佐賀関支所,月 木,水2,金1 金3,水4	
東部,由布大分環境衛生組合,月 木,火1,火2 火4,水3
愛宕,由布大分環境衛生組合,月 木,火1,火2 火4,水3
入蔵,由布大分環境衛生組合,月 木,火1,火2 火4,水3
恵良,由布大分環境衛生組合,月 木,火1,火2 火4,水3
柿野,由布大分環境衛生組合,月 木,火1,火2 火4,水3
看大住宅,由布大分環境衛生組合,月 木,火1,火2 火4,水3
小屋鶴,由布大分環境衛生組合,月 木,火1,火2 火4,水3
新界,由布大分環境衛生組合,月 木,火1,火2 火4,水3
新川,由布大分環境衛生組合,月 木,火1,火2 火4,水3
新町,由布大分環境衛生組合,月 木,火1,火2 火4,水3
辻原,由布大分環境衛生組合,月 木,火1,火2 火4,水3
なゝせ,由布大分環境衛生組合,月 木,火1,火2 火4,水3
福宗一,由布大分環境衛生組合,月 木,火1,火2 火4,水3
福宗二,由布大分環境衛生組合,月 木,火1,火2 火4,水3
舟ヶ平,由布大分環境衛生組合,月 木,火1,火2 火4,水3
本町,由布大分環境衛生組合,月 木,火1,火2 火4,水3
廻栖,由布大分環境衛生組合,月 木,火1,火2 火4,水3
廻栖住宅,由布大分環境衛生組合,月 木,火1,火2 火4,水3
吉熊,由布大分環境衛生組合,月 木,火1,火2 火4,水3
中部,由布大分環境衛生組合,月 木,水3,金2 金4,水1
今畑,由布大分環境衛生組合,月 木,水3,金2 金4,水1
太田,由布大分環境衛生組合,月 木,水3,金2 金4,水1
岡倉,由布大分環境衛生組合,月 木,水3,金2 金4,水1
沢田,由布大分環境衛生組合,月 木,水3,金2 金4,水1
竹の内,由布大分環境衛生組合,月 木,水3,金2 金4,水1
田ノ口,由布大分環境衛生組合,月 木,水3,金2 金4,水1
長尾台,由布大分環境衛生組合,月 木,水3,金2 金4,水1
原村,由布大分環境衛生組合,月 木,水3,金2 金4,水1
日方羽原,由布大分環境衛生組合,月 木,水3,金2 金4,水1
矢ノ原,由布大分環境衛生組合,月 木,水3,金2 金4,水1
上詰,由布大分環境衛生組合,月 木,水3,金2 金4,水1
下詰,由布大分環境衛生組合,月 木,水3,金2 金4,水1
湛水,由布大分環境衛生組合,月 木,水3,金2 金4,水1
西部,由布大分環境衛生組合,月 木,水3,火2 火4,水1
上詰,由布大分環境衛生組合,月 木,水3,火2 火4,水1
下詰,由布大分環境衛生組合,月 木,水3,火2 火4,水1
湛水,由布大分環境衛生組合,月 木,水3,火2 火4,水1
今市,由布大分環境衛生組合,火 金,水2,月2 月4,水1
石合,由布大分環境衛生組合,火 金,水2,月2 月4,水1
石合原,由布大分環境衛生組合,火 金,水2,月2 月4,水1
一本櫟,由布大分環境衛生組合,火 金,水2,月2 月4,水1
今市町,由布大分環境衛生組合,火 金,水2,月2 月4,水1
小原,由布大分環境衛生組合,火 金,水2,月2 月4,水1
上石合,由布大分環境衛生組合,火 金,水2,月2 月4,水1
杵ヶ原,由布大分環境衛生組合,火 金,水2,月2 月4,水1
白家,由布大分環境衛生組合,火 金,水2,月2 月4,水1
摺,由布大分環境衛生組合,火 金,水2,月2 月4,水1
高沢,由布大分環境衛生組合,火 金,水2,月2 月4,水1
荷小野,由布大分環境衛生組合,火 金,水2,月2 月4,水1
練ヶ迫,由布大分環境衛生組合,火 金,水2,月2 月4,水1
山中,由布大分環境衛生組合,火 金,水2,月2 月4,水1
